{
"meta":{"test_sets":[],"test_metrics":[],"learn_metrics":[{"best_value":"Min","name":"MultiClass"}],"launch_mode":"Train","parameters":"","iteration_count":700,"learn_sets":["learn"],"name":"experiment"},
"iterations":[
{"learn":[1.037586067],"iteration":0,"passed_time":0.004304722014,"remaining_time":3.009000688},
{"learn":[1.02450701],"iteration":1,"passed_time":0.007101000416,"remaining_time":2.478249145},
{"learn":[1.020235419],"iteration":2,"passed_time":0.009854745977,"remaining_time":2.289585982},
{"learn":[1.018361106],"iteration":3,"passed_time":0.01255164411,"remaining_time":2.183986075},
{"learn":[1.017241047],"iteration":4,"passed_time":0.01518821504,"remaining_time":2.111161891},
{"learn":[1.015570541],"iteration":5,"passed_time":0.01765562715,"remaining_time":2.04216754},
{"learn":[1.01448017],"iteration":6,"passed_time":0.02012681809,"remaining_time":1.992554991},
{"learn":[1.012508326],"iteration":7,"passed_time":0.02271713842,"remaining_time":1.965032473},
{"learn":[1.011383274],"iteration":8,"passed_time":0.02526766543,"remaining_time":1.939995202},
{"learn":[1.010576409],"iteration":9,"passed_time":0.0277407027,"remaining_time":1.914108486},
{"learn":[1.009029939],"iteration":10,"passed_time":0.03052038871,"remaining_time":1.911686166},
{"learn":[1.00738635],"iteration":11,"passed_time":0.03302357102,"remaining_time":1.893351405},
{"learn":[1.006660472],"iteration":12,"passed_time":0.03555639957,"remaining_time":1.879018962},
{"learn":[1.005314828],"iteration":13,"passed_time":0.03805224395,"remaining_time":1.864559953},
{"learn":[1.004807921],"iteration":14,"passed_time":0.04051267198,"remaining_time":1.850078687},
{"learn":[1.00425208],"iteration":15,"passed_time":0.04296537169,"remaining_time":1.83676964},
{"learn":[1.003670221],"iteration":16,"passed_time":0.04537788143,"remaining_time":1.823123119},
{"learn":[1.002505199],"iteration":17,"passed_time":0.04778185812,"remaining_time":1.810401513},
{"learn":[1.001141046],"iteration":18,"passed_time":0.05011763148,"remaining_time":1.796321423},
{"learn":[0.9994043029],"iteration":19,"passed_time":0.05249591941,"remaining_time":1.78486126},
{"learn":[0.998198674],"iteration":20,"passed_time":0.05484751067,"remaining_time":1.773402845},
{"learn":[0.9968128863],"iteration":21,"passed_time":0.05719575001,"remaining_time":1.762669023},
{"learn":[0.996116202],"iteration":22,"passed_time":0.05952939852,"remaining_time":1.752234904},
{"learn":[0.9950236481],"iteration":23,"passed_time":0.06189045769,"remaining_time":1.743247892},
{"learn":[0.9931208325],"iteration":24,"passed_time":0.06428781044,"remaining_time":1.735770882},
{"learn":[0.9919507503],"iteration":25,"passed_time":0.06667233707,"remaining_time":1.728352123},
{"learn":[0.9908193724],"iteration":26,"passed_time":0.06887289717,"remaining_time":1.716720733},
{"learn":[0.9895987194],"iteration":27,"passed_time":0.07117743937,"remaining_time":1.708258545},
{"learn":[0.9884221831],"iteration":28,"passed_time":0.07342517238,"remaining_time":1.698906575},
{"learn":[0.9867846808],"iteration":29,"passed_time":0.07565821468,"remaining_time":1.689700128},
{"learn":[0.985018946],"iteration":30,"passed_time":0.07792948991,"remaining_time":1.681768669},
{"learn":[0.9834827131],"iteration":31,"passed_time":0.08017346692,"remaining_time":1.673621122},
{"learn":[0.9826027605],"iteration":32,"passed_time":0.08246289094,"remaining_time":1.666749947},
{"learn":[0.9814352405],"iteration":33,"passed_time":0.08475644193,"remaining_time":1.660229127},
{"learn":[0.9799286088],"iteration":34,"passed_time":0.08706490394,"remaining_time":1.654233175},
{"learn":[0.9782273537],"iteration":35,"passed_time":0.08928149311,"remaining_time":1.64674754},
{"learn":[0.9762716217],"iteration":36,"passed_time":0.09149790935,"remaining_time":1.639543619},
{"learn":[0.9752102981],"iteration":37,"passed_time":0.09374255069,"remaining_time":1.633093909},
{"learn":[0.9719812191],"iteration":38,"passed_time":0.0959571851,"remaining_time":1.626351265},
{"learn":[0.9716581327],"iteration":39,"passed_time":0.09811030062,"remaining_time":1.61881996},
{"learn":[0.9699949372],"iteration":40,"passed_time":0.1003839969,"remaining_time":1.613489121},
{"learn":[0.9681645555],"iteration":41,"passed_time":0.102573878,"remaining_time":1.606990755},
{"learn":[0.9670767852],"iteration":42,"passed_time":0.1048017877,"remaining_time":1.601273826},
{"learn":[0.9654290117],"iteration":43,"passed_time":0.1069247804,"remaining_time":1.594151272},
{"learn":[0.9646765452],"iteration":44,"passed_time":0.1091495613,"remaining_time":1.588732504},
{"learn":[0.9636000646],"iteration":45,"passed_time":0.111351163,"remaining_time":1.583123057},
{"learn":[0.9622625655],"iteration":46,"passed_time":0.1135945916,"remaining_time":1.578239751},
{"learn":[0.9609477203],"iteration":47,"passed_time":0.1157416282,"remaining_time":1.572157116},
{"learn":[0.9602684343],"iteration":48,"passed_time":0.1178826327,"remaining_time":1.566154977},
{"learn":[0.959382638],"iteration":49,"passed_time":0.1201032998,"remaining_time":1.561342897},
{"learn":[0.9584414622],"iteration":50,"passed_time":0.1222285121,"remaining_time":1.555417732},
{"learn":[0.9571533732],"iteration":51,"passed_time":0.1244340793,"remaining_time":1.550640065},
{"learn":[0.9562349597],"iteration":52,"passed_time":0.1266514087,"remaining_time":1.546103045},
{"learn":[0.9557771483],"iteration":53,"passed_time":0.1288581298,"remaining_time":1.541525035},
{"learn":[0.9552607677],"iteration":54,"passed_time":0.1310017666,"remaining_time":1.536293445},
{"learn":[0.9530303264],"iteration":55,"passed_time":0.1331763372,"remaining_time":1.531527877},
{"learn":[0.9523048232],"iteration":56,"passed_time":0.1352967017,"remaining_time":1.52624174},
{"learn":[0.9512392899],"iteration":57,"passed_time":0.1374782672,"remaining_time":1.521742198},
{"learn":[0.950495208],"iteration":58,"passed_time":0.1397203413,"remaining_time":1.517978624},
{"learn":[0.9499971057],"iteration":59,"passed_time":0.1418743483,"remaining_time":1.513326382},
{"learn":[0.9494739605],"iteration":60,"passed_time":0.1439762547,"remaining_time":1.508210275},
{"learn":[0.9487983506],"iteration":61,"passed_time":0.1461377594,"remaining_time":1.503804686},
{"learn":[0.9475715588],"iteration":62,"passed_time":0.1482924257,"remaining_time":1.499401193},
{"learn":[0.9466605256],"iteration":63,"passed_time":0.1504341516,"remaining_time":1.494939381},
{"learn":[0.9459361432],"iteration":64,"passed_time":0.1526653367,"remaining_time":1.491422905},
{"learn":[0.9449976007],"iteration":65,"passed_time":0.154812165,"remaining_time":1.48713504},
{"learn":[0.9439114274],"iteration":66,"passed_time":0.1569694532,"remaining_time":1.483009909},
{"learn":[0.9431778985],"iteration":67,"passed_time":0.1590883229,"remaining_time":1.47858559},
{"learn":[0.9421527182],"iteration":68,"passed_time":0.1611724915,"remaining_time":1.473910755},
{"learn":[0.9411496846],"iteration":69,"passed_time":0.1633351337,"remaining_time":1.470016203},
{"learn":[0.9402087613],"iteration":70,"passed_time":0.1654908563,"remaining_time":1.466109135},
{"learn":[0.9391758073],"iteration":71,"passed_time":0.1676656215,"remaining_time":1.46241681},
{"learn":[0.9384853105],"iteration":72,"passed_time":0.1699170494,"remaining_time":1.45942452},
{"learn":[0.9368736543],"iteration":73,"passed_time":0.172098301,"remaining_time":1.4558586},
{"learn":[0.9355937327],"iteration":74,"passed_time":0.1742213525,"remaining_time":1.451844604},
{"learn":[0.9341881609],"iteration":75,"passed_time":0.1764208933,"remaining_time":1.448508387},
{"learn":[0.9329244306],"iteration":76,"passed_time":0.178555287,"remaining_time":1.444674595},
{"learn":[0.9319702964],"iteration":77,"passed_time":0.1807813498,"remaining_time":1.441615379},
{"learn":[0.9310394147],"iteration":78,"passed_time":0.1829360503,"remaining_time":1.438016294},
{"learn":[0.9297190515],"iteration":79,"passed_time":0.1850310821,"remaining_time":1.433990887},
{"learn":[0.9291735799],"iteration":80,"passed_time":0.1871571443,"remaining_time":1.430250275},
{"learn":[0.9281085612],"iteration":81,"passed_time":0.1893285153,"remaining_time":1.426890518},
{"learn":[0.9272447116],"iteration":82,"passed_time":0.1914203767,"remaining_time":1.422968343},
{"learn":[0.9261082204],"iteration":83,"passed_time":0.193530706,"remaining_time":1.419225177},
{"learn":[0.9255865001],"iteration":84,"passed_time":0.1956506248,"remaining_time":1.415589815},
{"learn":[0.9250754758],"iteration":85,"passed_time":0.1978261604,"remaining_time":1.412386773},
{"learn":[0.923572268],"iteration":86,"passed_time":0.1999803723,"remaining_time":1.409057106},
{"learn":[0.9230371478],"iteration":87,"passed_time":0.2021222804,"remaining_time":1.405668586},
{"learn":[0.9217185645],"iteration":88,"passed_time":0.2043397382,"remaining_time":1.402826742},
{"learn":[0.9207465181],"iteration":89,"passed_time":0.2064794597,"remaining_time":1.399471894},
{"learn":[0.9195495364],"iteration":90,"passed_time":0.2092994635,"remaining_time":1.40069641},
{"learn":[0.9181868992],"iteration":91,"passed_time":0.2119825453,"remaining_time":1.400928126},
{"learn":[0.9173028158],"iteration":92,"passed_time":0.2141546657,"remaining_time":1.397762173},
{"learn":[0.9159703532],"iteration":93,"passed_time":0.2163359812,"remaining_time":1.394676645},
{"learn":[0.9150980885],"iteration":94,"passed_time":0.2185505403,"remaining_time":1.391821862},
{"learn":[0.9143700268],"iteration":95,"passed_time":0.2206768559,"remaining_time":1.388425218},
{"learn":[0.9134499696],"iteration":96,"passed_time":0.2228412108,"remaining_time":1.385291239},
{"learn":[0.912184054],"iteration":97,"passed_time":0.2250388551,"remaining_time":1.382381538},
{"learn":[0.9114265114],"iteration":98,"passed_time":0.2272013409,"remaining_time":1.379272787},
{"learn":[0.9106255127],"iteration":99,"passed_time":0.2293839993,"remaining_time":1.376303996},
{"learn":[0.9096467243],"iteration":100,"passed_time":0.2315574872,"remaining_time":1.373296385},
{"learn":[0.9085015837],"iteration":101,"passed_time":0.2337772012,"remaining_time":1.37057614},
{"learn":[0.9075317351],"iteration":102,"passed_time":0.2359467093,"remaining_time":1.367574616},
{"learn":[0.907299344],"iteration":103,"passed_time":0.2380411556,"remaining_time":1.36415893},
{"learn":[0.9065008752],"iteration":104,"passed_time":0.2401909295,"remaining_time":1.361081934},
{"learn":[0.905985681],"iteration":105,"passed_time":0.2423358755,"remaining_time":1.357995378},
{"learn":[0.9050971352],"iteration":106,"passed_time":0.2444498586,"remaining_time":1.354754824},
{"learn":[0.9046159637],"iteration":107,"passed_time":0.2465822268,"remaining_time":1.35163591},
{"learn":[0.9036866132],"iteration":108,"passed_time":0.2487467108,"remaining_time":1.34870923},
{"learn":[0.902346457],"iteration":109,"passed_time":0.25088173,"remaining_time":1.34563837},
{"learn":[0.9016506154],"iteration":110,"passed_time":0.2530137946,"remaining_time":1.342568694},
{"learn":[0.9009974987],"iteration":111,"passed_time":0.2551988438,"remaining_time":1.33979393},
{"learn":[0.9002969161],"iteration":112,"passed_time":0.2573601699,"remaining_time":1.336906369},
{"learn":[0.8992816859],"iteration":113,"passed_time":0.2595508752,"remaining_time":1.334182569},
{"learn":[0.8980879628],"iteration":114,"passed_time":0.2616874953,"remaining_time":1.331192911},
{"learn":[0.8972600419],"iteration":115,"passed_time":0.2638752818,"remaining_time":1.328475557},
{"learn":[0.8967325502],"iteration":116,"passed_time":0.2659717325,"remaining_time":1.325312137},
{"learn":[0.8958977746],"iteration":117,"passed_time":0.2681776153,"remaining_time":1.322706543},
{"learn":[0.8954222016],"iteration":118,"passed_time":0.2703118874,"remaining_time":1.319758039},
{"learn":[0.8943180209],"iteration":119,"passed_time":0.2724830502,"remaining_time":1.317001409},
{"learn":[0.8938865156],"iteration":120,"passed_time":0.2746313584,"remaining_time":1.314145095},
{"learn":[0.8929925313],"iteration":121,"passed_time":0.2767870142,"remaining_time":1.311335199},
{"learn":[0.8916420496],"iteration":122,"passed_time":0.2788795275,"remaining_time":1.308239734},
{"learn":[0.8909138855],"iteration":123,"passed_time":0.2809642616,"remaining_time":1.305124312},
{"learn":[0.8896197894],"iteration":124,"passed_time":0.2831139709,"remaining_time":1.302324266},
{"learn":[0.8879224297],"iteration":125,"passed_time":0.2852650626,"remaining_time":1.299540841},
{"learn":[0.8872413885],"iteration":126,"passed_time":0.2873629465,"remaining_time":1.29652731},
{"learn":[0.8862550173],"iteration":127,"passed_time":0.2895272079,"remaining_time":1.29382471},
{"learn":[0.8853956493],"iteration":128,"passed_time":0.2919401308,"remaining_time":1.292231122},
{"learn":[0.884741924],"iteration":129,"passed_time":0.2947440605,"remaining_time":1.292339342},
{"learn":[0.8838093791],"iteration":130,"passed_time":0.2969430944,"remaining_time":1.289775731},
{"learn":[0.8827567621],"iteration":131,"passed_time":0.2991022369,"remaining_time":1.287045989},
{"learn":[0.8816947139],"iteration":132,"passed_time":0.3012555071,"remaining_time":1.284299793},
{"learn":[0.8809559822],"iteration":133,"passed_time":0.3034007579,"remaining_time":1.281528574},
{"learn":[0.8803578942],"iteration":134,"passed_time":0.3055618283,"remaining_time":1.278832837},
{"learn":[0.878894704],"iteration":135,"passed_time":0.3077344749,"remaining_time":1.27619297},
{"learn":[0.878346218],"iteration":136,"passed_time":0.3098395951,"remaining_time":1.273282424},
{"learn":[0.8770277547],"iteration":137,"passed_time":0.3120262744,"remaining_time":1.270715697},
{"learn":[0.8764139354],"iteration":138,"passed_time":0.3142080647,"remaining_time":1.268134707},
{"learn":[0.8757201149],"iteration":139,"passed_time":0.3163332166,"remaining_time":1.265332866},
{"learn":[0.8744101248],"iteration":140,"passed_time":0.3185334222,"remaining_time":1.262838177},
{"learn":[0.8736434304],"iteration":141,"passed_time":0.3206369546,"remaining_time":1.259967751},
{"learn":[0.8727176009],"iteration":142,"passed_time":0.3227557741,"remaining_time":1.257167596},
{"learn":[0.8717414558],"iteration":143,"passed_time":0.3249036714,"remaining_time":1.254489176},
{"learn":[0.8710345112],"iteration":144,"passed_time":0.3270547015,"remaining_time":1.251830064},
{"learn":[0.8697651462],"iteration":145,"passed_time":0.3291652339,"remaining_time":1.249024244},
{"learn":[0.8692517143],"iteration":146,"passed_time":0.3313047911,"remaining_time":1.246337071},
{"learn":[0.8682859227],"iteration":147,"passed_time":0.333472288,"remaining_time":1.243761506},
{"learn":[0.8675895559],"iteration":148,"passed_time":0.3355769961,"remaining_time":1.240959227},
{"learn":[0.8665716142],"iteration":149,"passed_time":0.3377504811,"remaining_time":1.238418431},
{"learn":[0.8659590142],"iteration":150,"passed_time":0.3398881885,"remaining_time":1.23575242},
{"learn":[0.8652374729],"iteration":151,"passed_time":0.3420345271,"remaining_time":1.233124479},
{"learn":[0.8644967721],"iteration":152,"passed_time":0.3441790605,"remaining_time":1.23049638},
{"learn":[0.8636991097],"iteration":153,"passed_time":0.3463300706,"remaining_time":1.227897523},
{"learn":[0.8626168779],"iteration":154,"passed_time":0.3484786613,"remaining_time":1.225295938},
{"learn":[0.8618013181],"iteration":155,"passed_time":0.350687698,"remaining_time":1.222910947},
{"learn":[0.8610630413],"iteration":156,"passed_time":0.3528484916,"remaining_time":1.220361343},
{"learn":[0.8604898636],"iteration":157,"passed_time":0.3549767065,"remaining_time":1.217704905},
{"learn":[0.8597394012],"iteration":158,"passed_time":0.3571004732,"remaining_time":1.215039975},
{"learn":[0.8591130359],"iteration":159,"passed_time":0.359251824,"remaining_time":1.212474906},
{"learn":[0.8585107539],"iteration":160,"passed_time":0.3615754801,"remaining_time":1.210491825},
{"learn":[0.85808677],"iteration":161,"passed_time":0.3637243316,"remaining_time":1.207924015},
{"learn":[0.8573973421],"iteration":162,"passed_time":0.3659036844,"remaining_time":1.205461831},
{"learn":[0.8564491074],"iteration":163,"passed_time":0.3680572936,"remaining_time":1.20291896},
{"learn":[0.8559534756],"iteration":164,"passed_time":0.370242167,"remaining_time":1.200482178},
{"learn":[0.8547161406],"iteration":165,"passed_time":0.372368885,"remaining_time":1.197861353},
{"learn":[0.8540908884],"iteration":166,"passed_time":0.3744975485,"remaining_time":1.195252655},
{"learn":[0.8534526879],"iteration":167,"passed_time":0.3766711471,"remaining_time":1.192791966},
{"learn":[0.8529136078],"iteration":168,"passed_time":0.3787747919,"remaining_time":1.190114879},
{"learn":[0.8524330541],"iteration":169,"passed_time":0.3809428761,"remaining_time":1.187645437},
{"learn":[0.851057241],"iteration":170,"passed_time":0.383084198,"remaining_time":1.185096729},
{"learn":[0.8504716305],"iteration":171,"passed_time":0.3851854018,"remaining_time":1.182429605},
{"learn":[0.8496065733],"iteration":172,"passed_time":0.3873243311,"remaining_time":1.179883945},
{"learn":[0.8490977673],"iteration":173,"passed_time":0.3894590952,"remaining_time":1.177330368},
{"learn":[0.8486056177],"iteration":174,"passed_time":0.391622605,"remaining_time":1.174867815},
{"learn":[0.8481535224],"iteration":175,"passed_time":0.3937970169,"remaining_time":1.172441118},
{"learn":[0.8471631992],"iteration":176,"passed_time":0.3959462605,"remaining_time":1.169942905},
{"learn":[0.8461608798],"iteration":177,"passed_time":0.3980918692,"remaining_time":1.167437953},
{"learn":[0.8457126564],"iteration":178,"passed_time":0.4002278786,"remaining_time":1.164909077},
{"learn":[0.8451725233],"iteration":179,"passed_time":0.4023746482,"remaining_time":1.16241565},
{"learn":[0.8446785303],"iteration":180,"passed_time":0.4045450432,"remaining_time":1.159993798},
{"learn":[0.843654162],"iteration":181,"passed_time":0.4066712891,"remaining_time":1.157449054},
{"learn":[0.8432564208],"iteration":182,"passed_time":0.40877236,"remaining_time":1.15483776},
{"learn":[0.8427324696],"iteration":183,"passed_time":0.4113335238,"remaining_time":1.153522273},
{"learn":[0.8422047941],"iteration":184,"passed_time":0.4135114742,"remaining_time":1.151126536},
{"learn":[0.8414391935],"iteration":185,"passed_time":0.415659359,"remaining_time":1.148650056},
{"learn":[0.8405419257],"iteration":186,"passed_time":0.4178403092,"remaining_time":1.1462678},
{"learn":[0.8396379141],"iteration":187,"passed_time":0.4199829209,"remaining_time":1.143783274},
{"learn":[0.8390525356],"iteration":188,"passed_time":0.4221717444,"remaining_time":1.141427309},
{"learn":[0.8385131343],"iteration":189,"passed_time":0.4242794951,"remaining_time":1.138855487},
{"learn":[0.8378129106],"iteration":190,"passed_time":0.4264599728,"remaining_time":1.136482336},
{"learn":[0.837058329],"iteration":191,"passed_time":0.4286351523,"remaining_time":1.134097174},
{"learn":[0.8363256613],"iteration":192,"passed_time":0.4307373532,"remaining_time":1.131522477},
{"learn":[0.8356299039],"iteration":193,"passed_time":0.4328956681,"remaining_time":1.129099011},
{"learn":[0.8349924019],"iteration":194,"passed_time":0.4350668999,"remaining_time":1.126711715},
{"learn":[0.8344296955],"iteration":195,"passed_time":0.4372093484,"remaining_time":1.12425261},
{"learn":[0.8333787166],"iteration":196,"passed_time":0.4393418256,"remaining_time":1.12177126},
{"learn":[0.8329243177],"iteration":197,"passed_time":0.4414530594,"remaining_time":1.119239575},
{"learn":[0.8320605951],"iteration":198,"passed_time":0.4436050392,"remaining_time":1.116814697},
{"learn":[0.8314106513],"iteration":199,"passed_time":0.4457382652,"remaining_time":1.114345663},
{"learn":[0.8304717136],"iteration":200,"passed_time":0.4479923608,"remaining_time":1.11218004},
{"learn":[0.8299665623],"iteration":201,"passed_time":0.4501442612,"remaining_time":1.109761594},
{"learn":[0.82928689],"iteration":202,"passed_time":0.4523237395,"remaining_time":1.107413293},
{"learn":[0.8288988901],"iteration":203,"passed_time":0.454511897,"remaining_time":1.105087749},
{"learn":[0.8282731737],"iteration":204,"passed_time":0.456666126,"remaining_time":1.102681621},
{"learn":[0.8277534085],"iteration":205,"passed_time":0.4588650127,"remaining_time":1.10038503},
{"learn":[0.8270689924],"iteration":206,"passed_time":0.4610758985,"remaining_time":1.098117961},
{"learn":[0.8262047535],"iteration":207,"passed_time":0.4632286219,"remaining_time":1.095713856},
{"learn":[0.8252004984],"iteration":208,"passed_time":0.4654197552,"remaining_time":1.093402391},
{"learn":[0.8245043716],"iteration":209,"passed_time":0.4675350099,"remaining_time":1.090915023},
{"learn":[0.8239388152],"iteration":210,"passed_time":0.4696859926,"remaining_time":1.088513983},
{"learn":[0.8233046783],"iteration":211,"passed_time":0.4718043321,"remaining_time":1.086040161},
{"learn":[0.8228729113],"iteration":212,"passed_time":0.4739894014,"remaining_time":1.083722246},
{"learn":[0.8221741],"iteration":213,"passed_time":0.4761560227,"remaining_time":1.081363678},
{"learn":[0.8216016387],"iteration":214,"passed_time":0.4783301624,"remaining_time":1.079023855},
{"learn":[0.8206123716],"iteration":215,"passed_time":0.4805018302,"remaining_time":1.076680027},
{"learn":[0.819467469],"iteration":216,"passed_time":0.4826292918,"remaining_time":1.074239391},
{"learn":[0.8187476788],"iteration":217,"passed_time":0.4848488642,"remaining_time":1.072005287},
{"learn":[0.8178699559],"iteration":218,"passed_time":0.4870076482,"remaining_time":1.069637803},
{"learn":[0.8168566234],"iteration":219,"passed_time":0.489174067,"remaining_time":1.067288873},
{"learn":[0.81634392],"iteration":220,"passed_time":0.4913234105,"remaining_time":1.064904587},
{"learn":[0.8156603437],"iteration":221,"passed_time":0.4934515285,"remaining_time":1.062476714},
{"learn":[0.8149512428],"iteration":222,"passed_time":0.4955435269,"remaining_time":1.059974271},
{"learn":[0.8143980459],"iteration":223,"passed_time":0.497701081,"remaining_time":1.057614797},
{"learn":[0.814100217],"iteration":224,"passed_time":0.4998793419,"remaining_time":1.055300833},
{"learn":[0.8134363029],"iteration":225,"passed_time":0.5020062248,"remaining_time":1.052880312},
{"learn":[0.812876382],"iteration":226,"passed_time":0.5042081889,"remaining_time":1.050618825},
{"learn":[0.8121903078],"iteration":227,"passed_time":0.5063887818,"remaining_time":1.048313619},
{"learn":[0.8112423235],"iteration":228,"passed_time":0.5085963928,"remaining_time":1.04606507},
{"learn":[0.8107196416],"iteration":229,"passed_time":0.510873215,"remaining_time":1.043958309},
{"learn":[0.8103431757],"iteration":230,"passed_time":0.513057153,"remaining_time":1.041661493},
{"learn":[0.8096978953],"iteration":231,"passed_time":0.5152085067,"remaining_time":1.039299919},
{"learn":[0.8095428314],"iteration":232,"passed_time":0.5173402921,"remaining_time":1.036900929},
{"learn":[0.8087454742],"iteration":233,"passed_time":0.5195183802,"remaining_time":1.034596432},
{"learn":[0.8080066806],"iteration":234,"passed_time":0.5216270098,"remaining_time":1.032155573},
{"learn":[0.8076095616],"iteration":235,"passed_time":0.5238383647,"remaining_time":1.029919497},
{"learn":[0.8074032407],"iteration":236,"passed_time":0.5260024378,"remaining_time":1.02759126},
{"learn":[0.8066864339],"iteration":237,"passed_time":0.5281644043,"remaining_time":1.025260314},
{"learn":[0.8063794944],"iteration":238,"passed_time":0.5303159845,"remaining_time":1.022910748},
{"learn":[0.8058511059],"iteration":239,"passed_time":0.5325207566,"remaining_time":1.020664784},
{"learn":[0.8052193492],"iteration":240,"passed_time":0.5346952507,"remaining_time":1.018361494},
{"learn":[0.8047754227],"iteration":241,"passed_time":0.5368310793,"remaining_time":1.015986092},
{"learn":[0.8045558519],"iteration":242,"passed_time":0.5389762302,"remaining_time":1.013630194},
{"learn":[0.8039695496],"iteration":243,"passed_time":0.5412216363,"remaining_time":1.011463386},
{"learn":[0.8026845987],"iteration":244,"passed_time":0.5433789849,"remaining_time":1.009132401},
{"learn":[0.8019244277],"iteration":245,"passed_time":0.5455458814,"remaining_time":1.006820448},
{"learn":[0.8012078689],"iteration":246,"passed_time":0.5476844923,"remaining_time":1.004457794},
{"learn":[0.8000217653],"iteration":247,"passed_time":0.5498054977,"remaining_time":1.002064859},
{"learn":[0.7993625999],"iteration":248,"passed_time":0.5519273849,"remaining_time":0.9996757052},
{"learn":[0.7986787515],"iteration":249,"passed_time":0.5541192179,"remaining_time":0.9974145923},
{"learn":[0.7981770635],"iteration":250,"passed_time":0.5562834793,"remaining_time":0.99510471},
{"learn":[0.7973063671],"iteration":251,"passed_time":0.5584741378,"remaining_time":0.9928429116},
{"learn":[0.7966019702],"iteration":252,"passed_time":0.5606025804,"remaining_time":0.9904717528},
{"learn":[0.7958236575],"iteration":253,"passed_time":0.5627786697,"remaining_time":0.9881861681},
{"learn":[0.7954631682],"iteration":254,"passed_time":0.5649373562,"remaining_time":0.9858710725},
{"learn":[0.794542958],"iteration":255,"passed_time":0.5671479863,"remaining_time":0.9836472887},
{"learn":[0.7938620811],"iteration":256,"passed_time":0.5692945783,"remaining_time":0.9813132226},
{"learn":[0.7931525213],"iteration":257,"passed_time":0.57147389,"remaining_time":0.9790366642},
{"learn":[0.7925393197],"iteration":258,"passed_time":0.5735976201,"remaining_time":0.976666218},
{"learn":[0.7920217771],"iteration":259,"passed_time":0.575757621,"remaining_time":0.9743590509},
{"learn":[0.7913883915],"iteration":260,"passed_time":0.5778935836,"remaining_time":0.9720125794},
{"learn":[0.7909659227],"iteration":261,"passed_time":0.5800912809,"remaining_time":0.96977092},
{"learn":[0.7902539034],"iteration":262,"passed_time":0.5821741567,"remaining_time":0.9673388079},
{"learn":[0.789688958],"iteration":263,"passed_time":0.5842981431,"remaining_time":0.9649772363},
{"learn":[0.7893189316],"iteration":264,"passed_time":0.5864858006,"remaining_time":0.9627219746},
{"learn":[0.7883519035],"iteration":265,"passed_time":0.5887195227,"remaining_time":0.9605423791},
{"learn":[0.7875030153],"iteration":266,"passed_time":0.5908757281,"remaining_time":0.9582366677},
{"learn":[0.7869171754],"iteration":267,"passed_time":0.5929974333,"remaining_time":0.9558764596},
{"learn":[0.7866075177],"iteration":268,"passed_time":0.5952250821,"remaining_time":0.953687771},
{"learn":[0.7861613584],"iteration":269,"passed_time":0.5974020218,"remaining_time":0.9514180348},
{"learn":[0.7859414271],"iteration":270,"passed_time":0.5995386802,"remaining_time":0.949085217},
{"learn":[0.7853133307],"iteration":271,"passed_time":0.60169626,"remaining_time":0.9467867621},
{"learn":[0.7846544914],"iteration":272,"passed_time":0.6038377434,"remaining_time":0.9444641628},
{"learn":[0.7841360477],"iteration":273,"passed_time":0.6059571936,"remaining_time":0.9421086294},
{"learn":[0.7836040401],"iteration":274,"passed_time":0.6081530543,"remaining_time":0.939872902},
{"learn":[0.7831889685],"iteration":275,"passed_time":0.6103446065,"remaining_time":0.9376308447},
{"learn":[0.782789069],"iteration":276,"passed_time":0.6125420806,"remaining_time":0.9353981953},
{"learn":[0.7822761458],"iteration":277,"passed_time":0.6146741885,"remaining_time":0.9330665739},
{"learn":[0.7816868585],"iteration":278,"passed_time":0.616790442,"remaining_time":0.9307124591},
{"learn":[0.7812018547],"iteration":279,"passed_time":0.6189126808,"remaining_time":0.9283690212},
{"learn":[0.7806775533],"iteration":280,"passed_time":0.6210719562,"remaining_time":0.9260823832},
{"learn":[0.779938355],"iteration":281,"passed_time":0.6232117617,"remaining_time":0.9237677886},
{"learn":[0.7793557669],"iteration":282,"passed_time":0.6253752041,"remaining_time":0.9214892583},
{"learn":[0.7784644191],"iteration":283,"passed_time":0.6275078839,"remaining_time":0.9191664778},
{"learn":[0.7781324843],"iteration":284,"passed_time":0.6297549314,"remaining_time":0.9170115668},
{"learn":[0.7769656718],"iteration":285,"passed_time":0.6318870918,"remaining_time":0.9146897064},
{"learn":[0.7763458792],"iteration":286,"passed_time":0.634063281,"remaining_time":0.9124325263},
{"learn":[0.7755380711],"iteration":287,"passed_time":0.6361928104,"remaining_time":0.9101091593},
{"learn":[0.7751829449],"iteration":288,"passed_time":0.638424722,"remaining_time":0.9079327362},
{"learn":[0.7746222724],"iteration":289,"passed_time":0.6405390636,"remaining_time":0.9055897106},
{"learn":[0.774170704],"iteration":290,"passed_time":0.6427805933,"remaining_time":0.9034270194},
{"learn":[0.7734389425],"iteration":291,"passed_time":0.6449260627,"remaining_time":0.901129567},
{"learn":[0.7728730349],"iteration":292,"passed_time":0.6470363914,"remaining_time":0.8987843389},
{"learn":[0.7721645107],"iteration":293,"passed_time":0.6491701042,"remaining_time":0.896473001},
{"learn":[0.7715054849],"iteration":294,"passed_time":0.6513443689,"remaining_time":0.8942185403},
{"learn":[0.771271049],"iteration":295,"passed_time":0.6535178602,"remaining_time":0.8919635659},
{"learn":[0.7704060077],"iteration":296,"passed_time":0.6557246567,"remaining_time":0.8897543321},
{"learn":[0.7699320882],"iteration":297,"passed_time":0.6579607895,"remaining_time":0.8875846892},
{"learn":[0.7694611948],"iteration":298,"passed_time":0.6601282213,"remaining_time":0.885322464},
{"learn":[0.768915115],"iteration":299,"passed_time":0.6626322386,"remaining_time":0.8835096515},
{"learn":[0.7682551481],"iteration":300,"passed_time":0.6650707807,"remaining_time":0.8816054535},
{"learn":[0.7676551381],"iteration":301,"passed_time":0.6672505261,"remaining_time":0.8793566536},
{"learn":[0.767316111],"iteration":302,"passed_time":0.66939489,"remaining_time":0.8770619516},
{"learn":[0.766651893],"iteration":303,"passed_time":0.6715168092,"remaining_time":0.8747390014},
{"learn":[0.7659262781],"iteration":304,"passed_time":0.6736561266,"remaining_time":0.8724399017},
{"learn":[0.7652061026],"iteration":305,"passed_time":0.675818621,"remaining_time":0.8701716885},
{"learn":[0.7644743824],"iteration":306,"passed_time":0.6780492851,"remaining_time":0.8679914301},
{"learn":[0.7637044585],"iteration":307,"passed_time":0.6802085788,"remaining_time":0.8657200094},
{"learn":[0.7633976498],"iteration":308,"passed_time":0.6823621554,"remaining_time":0.8634420802},
{"learn":[0.7630260437],"iteration":309,"passed_time":0.684537303,"remaining_time":0.8611920909},
{"learn":[0.7622314159],"iteration":310,"passed_time":0.6867186722,"remaining_time":0.8589503649},
{"learn":[0.7616996895],"iteration":311,"passed_time":0.688889279,"remaining_time":0.8566956418},
{"learn":[0.7611837044],"iteration":312,"passed_time":0.6910177605,"remaining_time":0.8543893716},
{"learn":[0.7604452943],"iteration":313,"passed_time":0.6932506749,"remaining_time":0.8522126131},
{"learn":[0.7598158058],"iteration":314,"passed_time":0.6954047481,"remaining_time":0.8499391366},
{"learn":[0.7592879255],"iteration":315,"passed_time":0.6975811228,"remaining_time":0.8476935163},
{"learn":[0.7587492689],"iteration":316,"passed_time":0.6997348541,"remaining_time":0.8454209752},
{"learn":[0.7580703701],"iteration":317,"passed_time":0.7018737298,"remaining_time":0.8431313358},
{"learn":[0.7573518364],"iteration":318,"passed_time":0.7039948431,"remaining_time":0.8408214271},
{"learn":[0.7568528017],"iteration":319,"passed_time":0.7061681193,"remaining_time":0.8385746416},
{"learn":[0.7564261382],"iteration":320,"passed_time":0.7083812367,"remaining_time":0.8363753542},
{"learn":[0.755654827],"iteration":321,"passed_time":0.710597662,"remaining_time":0.8341798641},
{"learn":[0.7548325245],"iteration":322,"passed_time":0.7127164382,"remaining_time":0.83187027},
{"learn":[0.7542901985],"iteration":323,"passed_time":0.7148619966,"remaining_time":0.8295929343},
{"learn":[0.7537234413],"iteration":324,"passed_time":0.7170221704,"remaining_time":0.8273332735},
{"learn":[0.7531233463],"iteration":325,"passed_time":0.7191900902,"remaining_time":0.8250831096},
{"learn":[0.7525830023],"iteration":326,"passed_time":0.7213721933,"remaining_time":0.8228496272},
{"learn":[0.7521147501],"iteration":327,"passed_time":0.7235542308,"remaining_time":0.8206163837},
{"learn":[0.7514260612],"iteration":328,"passed_time":0.7257155112,"remaining_time":0.8183600446},
{"learn":[0.7511372766],"iteration":329,"passed_time":0.7278636431,"remaining_time":0.8160895392},
{"learn":[0.7503892287],"iteration":330,"passed_time":0.7300022985,"remaining_time":0.8138092089},
{"learn":[0.7497561526],"iteration":331,"passed_time":0.7321691362,"remaining_time":0.8115609702},
{"learn":[0.7494200991],"iteration":332,"passed_time":0.7343277644,"remaining_time":0.8093041728},
{"learn":[0.7486547676],"iteration":333,"passed_time":0.7365476821,"remaining_time":0.8071151247},
{"learn":[0.7481688959],"iteration":334,"passed_time":0.7387069798,"remaining_time":0.8048598437},
{"learn":[0.7475757186],"iteration":335,"passed_time":0.740853351,"remaining_time":0.8025911302},
{"learn":[0.7473575095],"iteration":336,"passed_time":0.7430473505,"remaining_time":0.8003744458},
{"learn":[0.7466160314],"iteration":337,"passed_time":0.745202354,"remaining_time":0.7981161306},
{"learn":[0.7461502496],"iteration":338,"passed_time":0.7474704097,"remaining_time":0.7959788139},
{"learn":[0.7458005619],"iteration":339,"passed_time":0.7496514867,"remaining_time":0.7937486329},
{"learn":[0.7451019777],"iteration":340,"passed_time":0.7519010095,"remaining_time":0.7915907988},
{"learn":[0.7445328795],"iteration":341,"passed_time":0.7540926758,"remaining_time":0.7893718653},
{"learn":[0.7440868124],"iteration":342,"passed_time":0.7562403774,"remaining_time":0.7871073315},
{"learn":[0.7434940915],"iteration":343,"passed_time":0.7583907739,"remaining_time":0.784846266},
{"learn":[0.7430385549],"iteration":344,"passed_time":0.760578146,"remaining_time":0.7826238894},
{"learn":[0.7422847997],"iteration":345,"passed_time":0.7627199507,"remaining_time":0.7803550941},
{"learn":[0.7418091244],"iteration":346,"passed_time":0.7649071243,"remaining_time":0.7781331841},
{"learn":[0.741365695],"iteration":347,"passed_time":0.7670824967,"remaining_time":0.7758995369},
{"learn":[0.7409344734],"iteration":348,"passed_time":0.7692740209,"remaining_time":0.7736824681},
{"learn":[0.7396928018],"iteration":349,"passed_time":0.771466758,"remaining_time":0.771466758},
{"learn":[0.7394046378],"iteration":350,"passed_time":0.7736228425,"remaining_time":0.7692147351},
{"learn":[0.7386716551],"iteration":351,"passed_time":0.7758296687,"remaining_time":0.7670134224},
{"learn":[0.7380239097],"iteration":352,"passed_time":0.7779816718,"remaining_time":0.7647581873},
{"learn":[0.7377429489],"iteration":353,"passed_time":0.7801323086,"remaining_time":0.7625022},
{"learn":[0.737088949],"iteration":354,"passed_time":0.7823023932,"remaining_time":0.7602657061},
{"learn":[0.7362206388],"iteration":355,"passed_time":0.7844458479,"remaining_time":0.7580038531},
{"learn":[0.7357425218],"iteration":356,"passed_time":0.7866158526,"remaining_time":0.7557681721},
{"learn":[0.7352198268],"iteration":357,"passed_time":0.7887200185,"remaining_time":0.7534699618},
{"learn":[0.7345731744],"iteration":358,"passed_time":0.7909331062,"remaining_time":0.7512762931},
{"learn":[0.7338786036],"iteration":359,"passed_time":0.7931123905,"remaining_time":0.749050591},
{"learn":[0.7335275672],"iteration":360,"passed_time":0.7953335998,"remaining_time":0.7468645161},
{"learn":[0.7328837071],"iteration":361,"passed_time":0.7974804304,"remaining_time":0.7446087996},
{"learn":[0.7324036708],"iteration":362,"passed_time":0.7996358625,"remaining_time":0.7423616685},
{"learn":[0.731546252],"iteration":363,"passed_time":0.8018205276,"remaining_time":0.7401420255},
{"learn":[0.7308955957],"iteration":364,"passed_time":0.803998901,"remaining_time":0.7379167996},
{"learn":[0.7305252463],"iteration":365,"passed_time":0.8061619399,"remaining_time":0.7356778359},
{"learn":[0.7299688613],"iteration":366,"passed_time":0.8083545542,"remaining_time":0.7334661214},
{"learn":[0.7294258443],"iteration":367,"passed_time":0.8105468518,"remaining_time":0.731254225},
{"learn":[0.7287816459],"iteration":368,"passed_time":0.8127107239,"remaining_time":0.7290169367},
{"learn":[0.7285297297],"iteration":369,"passed_time":0.8148891629,"remaining_time":0.7267930372},
{"learn":[0.7281869522],"iteration":370,"passed_time":0.8170659936,"remaining_time":0.7245679566},
{"learn":[0.7278750979],"iteration":371,"passed_time":0.8192873867,"remaining_time":0.722382427},
{"learn":[0.7273932423],"iteration":372,"passed_time":0.8214619555,"remaining_time":0.7201556554},
{"learn":[0.7269711201],"iteration":373,"passed_time":0.8236507345,"remaining_time":0.7179415493},
{"learn":[0.726323605],"iteration":374,"passed_time":0.8258866225,"remaining_time":0.7157684062},
{"learn":[0.7260411069],"iteration":375,"passed_time":0.8281834153,"remaining_time":0.713647411},
{"learn":[0.7254524887],"iteration":376,"passed_time":0.8303369902,"remaining_time":0.7114027794},
{"learn":[0.7251337116],"iteration":377,"passed_time":0.8324490979,"remaining_time":0.7091233056},
{"learn":[0.7248162935],"iteration":378,"passed_time":0.834601641,"remaining_time":0.7068789624},
{"learn":[0.7243119626],"iteration":379,"passed_time":0.8368249312,"remaining_time":0.7046946789},
{"learn":[0.7239648963],"iteration":380,"passed_time":0.8389827124,"remaining_time":0.7024553419},
{"learn":[0.7236774549],"iteration":381,"passed_time":0.8412199799,"remaining_time":0.700282601},
{"learn":[0.7230409159],"iteration":382,"passed_time":0.8433991488,"remaining_time":0.6980614365},
{"learn":[0.7223293848],"iteration":383,"passed_time":0.845558535,"remaining_time":0.6958242111},
{"learn":[0.7221090037],"iteration":384,"passed_time":0.8477066058,"remaining_time":0.693578132},
{"learn":[0.721316129],"iteration":385,"passed_time":0.8499054086,"remaining_time":0.6913738298},
{"learn":[0.7209887974],"iteration":386,"passed_time":0.852128559,"remaining_time":0.6891892479},
{"learn":[0.7201992395],"iteration":387,"passed_time":0.8542693843,"remaining_time":0.6869382678},
{"learn":[0.7194530707],"iteration":388,"passed_time":0.8564993349,"remaining_time":0.6847591084},
{"learn":[0.7187544014],"iteration":389,"passed_time":0.8586693978,"remaining_time":0.6825320855},
{"learn":[0.7184828043],"iteration":390,"passed_time":0.8608468335,"remaining_time":0.6803111804},
{"learn":[0.7179580285],"iteration":391,"passed_time":0.8630019346,"remaining_time":0.6780729486},
{"learn":[0.7171531656],"iteration":392,"passed_time":0.8652188514,"remaining_time":0.6758834284},
{"learn":[0.7167374128],"iteration":393,"passed_time":0.8674118264,"remaining_time":0.6736751748},
{"learn":[0.7163358267],"iteration":394,"passed_time":0.8696057466,"remaining_time":0.6714677284},
{"learn":[0.7154708037],"iteration":395,"passed_time":0.8718440031,"remaining_time":0.6692943862},
{"learn":[0.7148445777],"iteration":396,"passed_time":0.8740180515,"remaining_time":0.6670717118},
{"learn":[0.7143076458],"iteration":397,"passed_time":0.8762668278,"remaining_time":0.6649059849},
{"learn":[0.7134754],"iteration":398,"passed_time":0.878427542,"remaining_time":0.6626734089},
{"learn":[0.7133100155],"iteration":399,"passed_time":0.8805687657,"remaining_time":0.6604265743},
{"learn":[0.7130289008],"iteration":400,"passed_time":0.8827550826,"remaining_time":0.6582138895},
{"learn":[0.7123640503],"iteration":401,"passed_time":0.8849363599,"remaining_time":0.6559976001},
{"learn":[0.7114184861],"iteration":402,"passed_time":0.8870536641,"remaining_time":0.653734338},
{"learn":[0.7109418163],"iteration":403,"passed_time":0.8891831597,"remaining_time":0.6514807309},
{"learn":[0.7107665393],"iteration":404,"passed_time":0.8913818826,"remaining_time":0.6492781614},
{"learn":[0.7103387274],"iteration":405,"passed_time":0.8935193543,"remaining_time":0.6470312566},
{"learn":[0.7097867493],"iteration":406,"passed_time":0.8956652204,"remaining_time":0.6447909326},
{"learn":[0.7092227612],"iteration":407,"passed_time":0.8978092669,"remaining_time":0.6425497695},
{"learn":[0.7085018439],"iteration":408,"passed_time":0.9000611674,"remaining_time":0.6403858184},
{"learn":[0.7081792248],"iteration":409,"passed_time":0.9022639722,"remaining_time":0.6381867121},
{"learn":[0.7075665421],"iteration":410,"passed_time":0.9044947995,"remaining_time":0.6360072921},
{"learn":[0.7069341384],"iteration":411,"passed_time":0.9072700983,"remaining_time":0.6342082241},
{"learn":[0.7063631617],"iteration":412,"passed_time":0.9094335087,"remaining_time":0.6319792179},
{"learn":[0.705700498],"iteration":413,"passed_time":0.9116088652,"remaining_time":0.6297587813},
{"learn":[0.7052971437],"iteration":414,"passed_time":0.9137725456,"remaining_time":0.6275305433},
{"learn":[0.7045672736],"iteration":415,"passed_time":0.9159433887,"remaining_time":0.6253075057},
{"learn":[0.703774044],"iteration":416,"passed_time":0.9181288009,"remaining_time":0.6230946059},
{"learn":[0.7034443962],"iteration":417,"passed_time":0.9203477609,"remaining_time":0.6209044703},
{"learn":[0.7028245239],"iteration":418,"passed_time":0.9225761997,"remaining_time":0.618720554},
{"learn":[0.7025807838],"iteration":419,"passed_time":0.9248134375,"remaining_time":0.6165422916},
{"learn":[0.7019630275],"iteration":420,"passed_time":0.9269136236,"remaining_time":0.614272924},
{"learn":[0.7017095751],"iteration":421,"passed_time":0.9290878689,"remaining_time":0.6120531459},
{"learn":[0.701205403],"iteration":422,"passed_time":0.9312947601,"remaining_time":0.6098549611},
{"learn":[0.7008899313],"iteration":423,"passed_time":0.9334550909,"remaining_time":0.6076264271},
{"learn":[0.7005245688],"iteration":424,"passed_time":0.9356098587,"remaining_time":0.6053946144},
{"learn":[0.7001667098],"iteration":425,"passed_time":0.9377350327,"remaining_time":0.603144129},
{"learn":[0.6994935997],"iteration":426,"passed_time":0.9398935097,"remaining_time":0.6009155226},
{"learn":[0.6988278067],"iteration":427,"passed_time":0.942096435,"remaining_time":0.5987154914},
{"learn":[0.6977969256],"iteration":428,"passed_time":0.9442322458,"remaining_time":0.5964730504},
{"learn":[0.6973492207],"iteration":429,"passed_time":0.9466800423,"remaining_time":0.5944270033},
{"learn":[0.6969269901],"iteration":430,"passed_time":0.9488243315,"remaining_time":0.592189664},
{"learn":[0.6965531012],"iteration":431,"passed_time":0.9510399806,"remaining_time":0.589997025},
{"learn":[0.6956555562],"iteration":432,"passed_time":0.9531622325,"remaining_time":0.5877466884},
{"learn":[0.695027159],"iteration":433,"passed_time":0.9553775918,"remaining_time":0.5855540079},
{"learn":[0.6946584312],"iteration":434,"passed_time":0.9574671201,"remaining_time":0.5832845674},
{"learn":[0.6936581858],"iteration":435,"passed_time":0.9596450329,"remaining_time":0.5810694694},
{"learn":[0.6934095197],"iteration":436,"passed_time":0.9618183803,"remaining_time":0.5788517941},
{"learn":[0.6925890736],"iteration":437,"passed_time":0.9640095484,"remaining_time":0.576644981},
{"learn":[0.6922459915],"iteration":438,"passed_time":0.9662154141,"remaining_time":0.5744469774},
{"learn":[0.6912224586],"iteration":439,"passed_time":0.9684557664,"remaining_time":0.5722693165},
{"learn":[0.6905669575],"iteration":440,"passed_time":0.9706439552,"remaining_time":0.5700607356},
{"learn":[0.6903434465],"iteration":441,"passed_time":0.9728481714,"remaining_time":0.5678616023},
{"learn":[0.6894612941],"iteration":442,"passed_time":0.975096833,"remaining_time":0.5656882304},
{"learn":[0.6886374784],"iteration":443,"passed_time":0.9772289244,"remaining_time":0.5634473078},
{"learn":[0.6877693523],"iteration":444,"passed_time":0.9793921322,"remaining_time":0.561224705},
{"learn":[0.6873525942],"iteration":445,"passed_time":0.9815966915,"remaining_time":0.5590259185},
{"learn":[0.6865074948],"iteration":446,"passed_time":0.9837078705,"remaining_time":0.5567742534},
{"learn":[0.686292437],"iteration":447,"passed_time":0.9859714723,"remaining_time":0.5546089531},
{"learn":[0.6858611021],"iteration":448,"passed_time":0.9881238989,"remaining_time":0.552381066},
{"learn":[0.6856740636],"iteration":449,"passed_time":0.9902828068,"remaining_time":0.5501571149},
{"learn":[0.6850039367],"iteration":450,"passed_time":0.9924269903,"remaining_time":0.5479253228},
{"learn":[0.6844975364],"iteration":451,"passed_time":0.9946564421,"remaining_time":0.5457407028},
{"learn":[0.6839346489],"iteration":452,"passed_time":0.9968858974,"remaining_time":0.5435558867},
{"learn":[0.6837100485],"iteration":453,"passed_time":0.9991069155,"remaining_time":0.5413663022},
{"learn":[0.6835304326],"iteration":454,"passed_time":1.001264445,"remaining_time":0.5391423935},
{"learn":[0.6826857371],"iteration":455,"passed_time":1.003426044,"remaining_time":0.5369209533},
{"learn":[0.6823145989],"iteration":456,"passed_time":1.005591555,"remaining_time":0.5347018551},
{"learn":[0.6817355104],"iteration":457,"passed_time":1.007730808,"remaining_time":0.5324691167},
{"learn":[0.6814892948],"iteration":458,"passed_time":1.009874822,"remaining_time":0.5302392857},
{"learn":[0.6812156853],"iteration":459,"passed_time":1.01201464,"remaining_time":0.5280076384},
{"learn":[0.6808949214],"iteration":460,"passed_time":1.014200422,"remaining_time":0.5258002189},
{"learn":[0.6802325957],"iteration":461,"passed_time":1.016376143,"remaining_time":0.52358771},
{"learn":[0.6796651155],"iteration":462,"passed_time":1.018879628,"remaining_time":0.5215431358},
{"learn":[0.6794405893],"iteration":463,"passed_time":1.021024636,"remaining_time":0.5193142548},
{"learn":[0.6789839249],"iteration":464,"passed_time":1.023193533,"remaining_time":0.5170978069},
{"learn":[0.678589414],"iteration":465,"passed_time":1.025331592,"remaining_time":0.5148660783},
{"learn":[0.6782135432],"iteration":466,"passed_time":1.027501413,"remaining_time":0.5126505978},
{"learn":[0.6778759521],"iteration":467,"passed_time":1.029690197,"remaining_time":0.5104447129},
{"learn":[0.6775041412],"iteration":468,"passed_time":1.031904659,"remaining_time":0.5082515487},
{"learn":[0.6768121699],"iteration":469,"passed_time":1.034060128,"remaining_time":0.5060294244},
{"learn":[0.6763154351],"iteration":470,"passed_time":1.036169569,"remaining_time":0.5037852046},
{"learn":[0.6759155905],"iteration":471,"passed_time":1.038344533,"remaining_time":0.5015732064},
{"learn":[0.675558502],"iteration":472,"passed_time":1.040548825,"remaining_time":0.4993754404},
{"learn":[0.6748893164],"iteration":473,"passed_time":1.042699162,"remaining_time":0.4971519213},
{"learn":[0.6742296526],"iteration":474,"passed_time":1.044859088,"remaining_time":0.4949332524},
{"learn":[0.6740367715],"iteration":475,"passed_time":1.047111326,"remaining_time":0.4927582709},
{"learn":[0.6735814647],"iteration":476,"passed_time":1.049349041,"remaining_time":0.4905761762},
{"learn":[0.6732327683],"iteration":477,"passed_time":1.051671221,"remaining_time":0.4884330775},
{"learn":[0.6729397996],"iteration":478,"passed_time":1.053834959,"remaining_time":0.4862161292},
{"learn":[0.6725576329],"iteration":479,"passed_time":1.055976035,"remaining_time":0.4839890159},
{"learn":[0.6722249353],"iteration":480,"passed_time":1.05813611,"remaining_time":0.4817709107},
{"learn":[0.6719305947],"iteration":481,"passed_time":1.060333328,"remaining_time":0.4795698453},
{"learn":[0.6714658883],"iteration":482,"passed_time":1.062455669,"remaining_time":0.4773351557},
{"learn":[0.6711074923],"iteration":483,"passed_time":1.064695494,"remaining_time":0.475153361},
{"learn":[0.6708317526],"iteration":484,"passed_time":1.066847503,"remaining_time":0.4729323982},
{"learn":[0.670430058],"iteration":485,"passed_time":1.069005263,"remaining_time":0.4707142517},
{"learn":[0.6702295869],"iteration":486,"passed_time":1.071183374,"remaining_time":0.4685052539},
{"learn":[0.6698419631],"iteration":487,"passed_time":1.073314141,"remaining_time":0.4662758152},
{"learn":[0.6694827958],"iteration":488,"passed_time":1.075492242,"remaining_time":0.4640672048},
{"learn":[0.6693785798],"iteration":489,"passed_time":1.077723923,"remaining_time":0.4618816815},
{"learn":[0.6687431276],"iteration":490,"passed_time":1.079910814,"remaining_time":0.4596769047},
{"learn":[0.6681993347],"iteration":491,"passed_time":1.082094277,"remaining_time":0.4574707513},
{"learn":[0.6674747171],"iteration":492,"passed_time":1.084261832,"remaining_time":0.4552580104},
{"learn":[0.6670739495],"iteration":493,"passed_time":1.086378724,"remaining_time":0.4530243261},
{"learn":[0.6666385459],"iteration":494,"passed_time":1.088562445,"remaining_time":0.4508187905},
{"learn":[0.6664435724],"iteration":495,"passed_time":1.090760306,"remaining_time":0.4486191581},
{"learn":[0.6659652248],"iteration":496,"passed_time":1.092900865,"remaining_time":0.4463961281},
{"learn":[0.6657253572],"iteration":497,"passed_time":1.095078017,"remaining_time":0.4441882721},
{"learn":[0.6655392158],"iteration":498,"passed_time":1.097264653,"remaining_time":0.4419843591},
{"learn":[0.6652359834],"iteration":499,"passed_time":1.09948781,"remaining_time":0.4397951242},
{"learn":[0.6645039812],"iteration":500,"passed_time":1.101692474,"remaining_time":0.4375984076},
{"learn":[0.6643049965],"iteration":501,"passed_time":1.103903598,"remaining_time":0.4354042082},
{"learn":[0.6641238263],"iteration":502,"passed_time":1.10624577,"remaining_time":0.4332612659},
{"learn":[0.6635787727],"iteration":503,"passed_time":1.108697793,"remaining_time":0.4311602527},
{"learn":[0.6633664936],"iteration":504,"passed_time":1.110846561,"remaining_time":0.4289407514},
{"learn":[0.6626557443],"iteration":505,"passed_time":1.112992576,"remaining_time":0.4267204737},
{"learn":[0.6623410469],"iteration":506,"passed_time":1.11518684,"remaining_time":0.4245188561},
{"learn":[0.6618897474],"iteration":507,"passed_time":1.117476304,"remaining_time":0.4223532486},
{"learn":[0.6613788322],"iteration":508,"passed_time":1.119659052,"remaining_time":0.42014711},
{"learn":[0.6609854393],"iteration":509,"passed_time":1.121798984,"remaining_time":0.4179251118},
{"learn":[0.6606793149],"iteration":510,"passed_time":1.123957708,"remaining_time":0.4157103851},
{"learn":[0.6603717343],"iteration":511,"passed_time":1.126150782,"remaining_time":0.4135084901},
{"learn":[0.6597064345],"iteration":512,"passed_time":1.128587631,"remaining_time":0.4113954912},
{"learn":[0.6592884311],"iteration":513,"passed_time":1.130847664,"remaining_time":0.409217248},
{"learn":[0.6589247379],"iteration":514,"passed_time":1.133056086,"remaining_time":0.4070201475},
{"learn":[0.6586770438],"iteration":515,"passed_time":1.135295531,"remaining_time":0.4048340654},
{"learn":[0.6581099752],"iteration":516,"passed_time":1.137534402,"remaining_time":0.4026475736},
{"learn":[0.6578105169],"iteration":517,"passed_time":1.139680046,"remaining_time":0.4004281244},
{"learn":[0.6570729344],"iteration":518,"passed_time":1.141813784,"remaining_time":0.3982048071},
{"learn":[0.6566011059],"iteration":519,"passed_time":1.144000383,"remaining_time":0.3960001324},
{"learn":[0.6560486819],"iteration":520,"passed_time":1.146218011,"remaining_time":0.3938061881},
{"learn":[0.6558324632],"iteration":521,"passed_time":1.148512076,"remaining_time":0.3916382174},
{"learn":[0.6554486106],"iteration":522,"passed_time":1.150756475,"remaining_time":0.3894529562},
{"learn":[0.6549449017],"iteration":523,"passed_time":1.152931058,"remaining_time":0.3872440195},
{"learn":[0.6548482326],"iteration":524,"passed_time":1.155127019,"remaining_time":0.3850423398},
{"learn":[0.6545464917],"iteration":525,"passed_time":1.157301434,"remaining_time":0.3828335542},
{"learn":[0.6540814874],"iteration":526,"passed_time":1.159497145,"remaining_time":0.3806318902},
{"learn":[0.6536524506],"iteration":527,"passed_time":1.161676581,"remaining_time":0.3784249469},
{"learn":[0.6531299442],"iteration":528,"passed_time":1.163822839,"remaining_time":0.3762073827},
{"learn":[0.6526309531],"iteration":529,"passed_time":1.165915469,"remaining_time":0.3739728861},
{"learn":[0.6524648134],"iteration":530,"passed_time":1.168064336,"remaining_time":0.3717568226},
{"learn":[0.6519815924],"iteration":531,"passed_time":1.170290087,"remaining_time":0.3695652905},
{"learn":[0.6516789154],"iteration":532,"passed_time":1.172478737,"remaining_time":0.3673620057},
{"learn":[0.6513137537],"iteration":533,"passed_time":1.174618507,"remaining_time":0.3651435807},
{"learn":[0.6510207582],"iteration":534,"passed_time":1.176828947,"remaining_time":0.3629472453},
{"learn":[0.650717497],"iteration":535,"passed_time":1.179007966,"remaining_time":0.3607412434},
{"learn":[0.6503180708],"iteration":536,"passed_time":1.181133236,"remaining_time":0.358519027},
{"learn":[0.6498218027],"iteration":537,"passed_time":1.183316538,"remaining_time":0.3563146454},
{"learn":[0.6491570385],"iteration":538,"passed_time":1.185400258,"remaining_time":0.3540805966},
{"learn":[0.648924837],"iteration":539,"passed_time":1.187569029,"remaining_time":0.3518723049},
{"learn":[0.6483416195],"iteration":540,"passed_time":1.189731319,"remaining_time":0.3496622546},
{"learn":[0.6478231066],"iteration":541,"passed_time":1.191900919,"remaining_time":0.3474545113},
{"learn":[0.6475504851],"iteration":542,"passed_time":1.194025132,"remaining_time":0.3452337859},
{"learn":[0.6469426076],"iteration":543,"passed_time":1.196214689,"remaining_time":0.3430321535},
{"learn":[0.6465316505],"iteration":544,"passed_time":1.198351095,"remaining_time":0.3408154491},
{"learn":[0.6462446482],"iteration":545,"passed_time":1.200535563,"remaining_time":0.3386125947},
{"learn":[0.6455573926],"iteration":546,"passed_time":1.202713148,"remaining_time":0.3364078824},
{"learn":[0.6451912968],"iteration":547,"passed_time":1.205006724,"remaining_time":0.3342354417},
{"learn":[0.6446810369],"iteration":548,"passed_time":1.207211814,"remaining_time":0.3320382221},
{"learn":[0.644331269],"iteration":549,"passed_time":1.209439022,"remaining_time":0.3298470061},
{"learn":[0.6439560677],"iteration":550,"passed_time":1.211628664,"remaining_time":0.3276455009},
{"learn":[0.6435321752],"iteration":551,"passed_time":1.213773554,"remaining_time":0.3254320398},
{"learn":[0.6430511469],"iteration":552,"passed_time":1.215977094,"remaining_time":0.3232344175},
{"learn":[0.6425462744],"iteration":553,"passed_time":1.218162761,"remaining_time":0.3210320634},
{"learn":[0.6418301328],"iteration":554,"passed_time":1.220336459,"remaining_time":0.3188266425},
{"learn":[0.6414084022],"iteration":555,"passed_time":1.222489159,"remaining_time":0.3166158973},
{"learn":[0.6410846049],"iteration":556,"passed_time":1.224628321,"remaining_time":0.3144018849},
{"learn":[0.64069337],"iteration":557,"passed_time":1.226772754,"remaining_time":0.3121894823},
{"learn":[0.6402143213],"iteration":558,"passed_time":1.228964368,"remaining_time":0.3099892234},
{"learn":[0.639652512],"iteration":559,"passed_time":1.231120269,"remaining_time":0.3077800673},
{"learn":[0.639178686],"iteration":560,"passed_time":1.233363893,"remaining_time":0.3055928361},
{"learn":[0.6385701828],"iteration":561,"passed_time":1.235597332,"remaining_time":0.3034029036},
{"learn":[0.6383098622],"iteration":562,"passed_time":1.237839436,"remaining_time":0.3012149249},
{"learn":[0.6380393814],"iteration":563,"passed_time":1.239948496,"remaining_time":0.2989946729},
{"learn":[0.6376287998],"iteration":564,"passed_time":1.24213969,"remaining_time":0.2967944391},
{"learn":[0.6371800841],"iteration":565,"passed_time":1.244321931,"remaining_time":0.2945921179},
{"learn":[0.6367717315],"iteration":566,"passed_time":1.246454583,"remaining_time":0.2923782356},
{"learn":[0.6360346373],"iteration":567,"passed_time":1.248612985,"remaining_time":0.2901706233},
{"learn":[0.6357511894],"iteration":568,"passed_time":1.250819626,"remaining_time":0.2879742899},
{"learn":[0.6353512377],"iteration":569,"passed_time":1.253104837,"remaining_time":0.28579584},
{"learn":[0.6351359646],"iteration":570,"passed_time":1.255338737,"remaining_time":0.2836054239},
{"learn":[0.6348252589],"iteration":571,"passed_time":1.25753877,"remaining_time":0.2814072773},
{"learn":[0.6342708746],"iteration":572,"passed_time":1.259743584,"remaining_time":0.2792101835},
{"learn":[0.6340156612],"iteration":573,"passed_time":1.26188791,"remaining_time":0.2769997852},
{"learn":[0.633698908],"iteration":574,"passed_time":1.264060767,"remaining_time":0.2747958188},
{"learn":[0.6333176079],"iteration":575,"passed_time":1.26628461,"remaining_time":0.2726029369},
{"learn":[0.6331374241],"iteration":576,"passed_time":1.268487671,"remaining_time":0.2704055174},
{"learn":[0.6327703236],"iteration":577,"passed_time":1.270721173,"remaining_time":0.2682145037},
{"learn":[0.6325778009],"iteration":578,"passed_time":1.272920812,"remaining_time":0.2660162664},
{"learn":[0.6323280524],"iteration":579,"passed_time":1.275113483,"remaining_time":0.2638165828},
{"learn":[0.6319567265],"iteration":580,"passed_time":1.277296618,"remaining_time":0.2616149699},
{"learn":[0.631791114],"iteration":581,"passed_time":1.279454949,"remaining_time":0.2594083918},
{"learn":[0.6313166284],"iteration":582,"passed_time":1.281696063,"remaining_time":0.2572185924},
{"learn":[0.6309500038],"iteration":583,"passed_time":1.284762327,"remaining_time":0.255192517},
{"learn":[0.6305750145],"iteration":584,"passed_time":1.286929918,"remaining_time":0.2529862232},
{"learn":[0.6303964573],"iteration":585,"passed_time":1.289086014,"remaining_time":0.2507778252},
{"learn":[0.6302869248],"iteration":586,"passed_time":1.291200325,"remaining_time":0.2485615617},
{"learn":[0.6299058064],"iteration":587,"passed_time":1.293389414,"remaining_time":0.2463598885},
{"learn":[0.6294764974],"iteration":588,"passed_time":1.295613893,"remaining_time":0.2441649273},
{"learn":[0.6291381029],"iteration":589,"passed_time":1.297770712,"remaining_time":0.2419572515},
{"learn":[0.6285983114],"iteration":590,"passed_time":1.29990746,"remaining_time":0.239746046},
{"learn":[0.6283591492],"iteration":591,"passed_time":1.302101112,"remaining_time":0.2375454731},
{"learn":[0.6273174768],"iteration":592,"passed_time":1.304313088,"remaining_time":0.2353482301},
{"learn":[0.6267930059],"iteration":593,"passed_time":1.306446432,"remaining_time":0.2331369055},
{"learn":[0.6263085458],"iteration":594,"passed_time":1.308691631,"remaining_time":0.230945582},
{"learn":[0.6259867063],"iteration":595,"passed_time":1.310893255,"remaining_time":0.2287464741},
{"learn":[0.6255699196],"iteration":596,"passed_time":1.313074122,"remaining_time":0.2265437765},
{"learn":[0.6252738884],"iteration":597,"passed_time":1.315268057,"remaining_time":0.224343381},
{"learn":[0.6249185393],"iteration":598,"passed_time":1.317496517,"remaining_time":0.2221488283},
{"learn":[0.6246780392],"iteration":599,"passed_time":1.319678635,"remaining_time":0.2199464391},
{"learn":[0.6243801779],"iteration":600,"passed_time":1.321851009,"remaining_time":0.2177425123},
{"learn":[0.624086946],"iteration":601,"passed_time":1.324016751,"remaining_time":0.2155376106},
{"learn":[0.6237631115],"iteration":602,"passed_time":1.326150609,"remaining_time":0.2133277099},
{"learn":[0.6234277779],"iteration":603,"passed_time":1.32830037,"remaining_time":0.2111205886},
{"learn":[0.6229176239],"iteration":604,"passed_time":1.330487068,"remaining_time":0.208919457},
{"learn":[0.6225479464],"iteration":605,"passed_time":1.332664181,"remaining_time":0.2067168862},
{"learn":[0.6223021097],"iteration":606,"passed_time":1.334866869,"remaining_time":0.2045183177},
{"learn":[0.6218082843],"iteration":607,"passed_time":1.337110167,"remaining_time":0.2023258806},
{"learn":[0.6215379636],"iteration":608,"passed_time":1.339260628,"remaining_time":0.2001194042},
{"learn":[0.62126345],"iteration":609,"passed_time":1.34144887,"remaining_time":0.1979186857},
{"learn":[0.6209784883],"iteration":610,"passed_time":1.343649503,"remaining_time":0.195719813},
{"learn":[0.6203290711],"iteration":611,"passed_time":1.345864682,"remaining_time":0.1935230262},
{"learn":[0.6197157784],"iteration":612,"passed_time":1.348021011,"remaining_time":0.191317827},
{"learn":[0.6193607303],"iteration":613,"passed_time":1.350176733,"remaining_time":0.189112702},
{"learn":[0.6190046617],"iteration":614,"passed_time":1.352384526,"remaining_time":0.1869149344},
{"learn":[0.6185051063],"iteration":615,"passed_time":1.354529388,"remaining_time":0.1847085529},
{"learn":[0.6181472578],"iteration":616,"passed_time":1.356729058,"remaining_time":0.1825097436},
{"learn":[0.6177823484],"iteration":617,"passed_time":1.358923166,"remaining_time":0.1803101936},
{"learn":[0.6175517006],"iteration":618,"passed_time":1.361164792,"remaining_time":0.1781168791},
{"learn":[0.6173717444],"iteration":619,"passed_time":1.363334034,"remaining_time":0.1759140689},
{"learn":[0.6170011542],"iteration":620,"passed_time":1.365579946,"remaining_time":0.1737211204},
{"learn":[0.61678339],"iteration":621,"passed_time":1.367815669,"remaining_time":0.1715267237},
{"learn":[0.6164190306],"iteration":622,"passed_time":1.369969881,"remaining_time":0.1693221201},
{"learn":[0.6161785404],"iteration":623,"passed_time":1.372265988,"remaining_time":0.1671349601},
{"learn":[0.6158578142],"iteration":624,"passed_time":1.374400377,"remaining_time":0.1649280452},
{"learn":[0.6154360442],"iteration":625,"passed_time":1.376600768,"remaining_time":0.1627291642},
{"learn":[0.6149254149],"iteration":626,"passed_time":1.378763484,"remaining_time":0.1605258921},
{"learn":[0.6144888212],"iteration":627,"passed_time":1.380932827,"remaining_time":0.1583235089},
{"learn":[0.6139684338],"iteration":628,"passed_time":1.383043965,"remaining_time":0.1561146606},
{"learn":[0.6135966798],"iteration":629,"passed_time":1.385230783,"remaining_time":0.1539145314},
{"learn":[0.6134729293],"iteration":630,"passed_time":1.387370684,"remaining_time":0.1517093141},
{"learn":[0.6131341477],"iteration":631,"passed_time":1.389577242,"remaining_time":0.1495114754},
{"learn":[0.6128720448],"iteration":632,"passed_time":1.391766584,"remaining_time":0.147311787},
{"learn":[0.6122635472],"iteration":633,"passed_time":1.393920046,"remaining_time":0.145108396},
{"learn":[0.6116365112],"iteration":634,"passed_time":1.396124397,"remaining_time":0.1429103713},
{"learn":[0.6113379769],"iteration":635,"passed_time":1.398298157,"remaining_time":0.1407092485},
{"learn":[0.6107202333],"iteration":636,"passed_time":1.400540565,"remaining_time":0.138515001},
{"learn":[0.6102538331],"iteration":637,"passed_time":1.4027078,"remaining_time":0.1363132972},
{"learn":[0.6098431209],"iteration":638,"passed_time":1.404839971,"remaining_time":0.134108354},
{"learn":[0.6095437676],"iteration":639,"passed_time":1.407076238,"remaining_time":0.1319133973},
{"learn":[0.6094144083],"iteration":640,"passed_time":1.409232928,"remaining_time":0.1297109872},
{"learn":[0.6092284744],"iteration":641,"passed_time":1.411378934,"remaining_time":0.1275077541},
{"learn":[0.6090775465],"iteration":642,"passed_time":1.413538106,"remaining_time":0.1253058664},
{"learn":[0.6088003017],"iteration":643,"passed_time":1.415726468,"remaining_time":0.1231066494},
{"learn":[0.6082211425],"iteration":644,"passed_time":1.417925259,"remaining_time":0.1209083554},
{"learn":[0.6079296801],"iteration":645,"passed_time":1.420104275,"remaining_time":0.1187084068},
{"learn":[0.6075035332],"iteration":646,"passed_time":1.422288132,"remaining_time":0.1165089196},
{"learn":[0.607191096],"iteration":647,"passed_time":1.424413479,"remaining_time":0.1143047853},
{"learn":[0.6068884459],"iteration":648,"passed_time":1.426554706,"remaining_time":0.1121021417},
{"learn":[0.6063397201],"iteration":649,"passed_time":1.428735011,"remaining_time":0.1099026931},
{"learn":[0.6061934831],"iteration":650,"passed_time":1.43092584,"remaining_time":0.1077040955},
{"learn":[0.6057878712],"iteration":651,"passed_time":1.433092863,"remaining_time":0.105503769},
{"learn":[0.6053891226],"iteration":652,"passed_time":1.435259808,"remaining_time":0.103303539},
{"learn":[0.6051926667],"iteration":653,"passed_time":1.437463897,"remaining_time":0.1011060233},
{"learn":[0.6049827564],"iteration":654,"passed_time":1.439678655,"remaining_time":0.0989092206},
{"learn":[0.6046508432],"iteration":655,"passed_time":1.441830867,"remaining_time":0.09670816794},
{"learn":[0.6044243492],"iteration":656,"passed_time":1.443968535,"remaining_time":0.09450631202},
{"learn":[0.6039440224],"iteration":657,"passed_time":1.446131347,"remaining_time":0.0923062562},
{"learn":[0.603421449],"iteration":658,"passed_time":1.448329253,"remaining_time":0.09010849679},
{"learn":[0.6028284657],"iteration":659,"passed_time":1.450481698,"remaining_time":0.08790798168},
{"learn":[0.6024347049],"iteration":660,"passed_time":1.452685014,"remaining_time":0.08571061356},
{"learn":[0.6019194992],"iteration":661,"passed_time":1.454871679,"remaining_time":0.08351227163},
{"learn":[0.6015656047],"iteration":662,"passed_time":1.4570624,"remaining_time":0.08131419122},
{"learn":[0.6013299853],"iteration":663,"passed_time":1.459229431,"remaining_time":0.07911484868},
{"learn":[0.6008966145],"iteration":664,"passed_time":1.46147898,"remaining_time":0.07691994633},
{"learn":[0.6006222638],"iteration":665,"passed_time":1.463670103,"remaining_time":0.07472189717},
{"learn":[0.6001789267],"iteration":666,"passed_time":1.46580564,"remaining_time":0.0725211186},
{"learn":[0.5998283376],"iteration":667,"passed_time":1.467965103,"remaining_time":0.07032168158},
{"learn":[0.5995181179],"iteration":668,"passed_time":1.470159713,"remaining_time":0.06812399266},
{"learn":[0.5992387082],"iteration":669,"passed_time":1.472275191,"remaining_time":0.06592276974},
{"learn":[0.5991215669],"iteration":670,"passed_time":1.474445402,"remaining_time":0.06372416791},
{"learn":[0.5986943266],"iteration":671,"passed_time":1.476673628,"remaining_time":0.06152806784},
{"learn":[0.5980375542],"iteration":672,"passed_time":1.478906341,"remaining_time":0.0593320523},
{"learn":[0.597878769],"iteration":673,"passed_time":1.481094051,"remaining_time":0.05713419186},
{"learn":[0.5976296163],"iteration":674,"passed_time":1.483219408,"remaining_time":0.05493405216},
{"learn":[0.5972096965],"iteration":675,"passed_time":1.485388511,"remaining_time":0.05273568677},
{"learn":[0.5968758836],"iteration":676,"passed_time":1.487584908,"remaining_time":0.05053833515},
{"learn":[0.5966074439],"iteration":677,"passed_time":1.48985508,"remaining_time":0.04834338019},
{"learn":[0.596072375],"iteration":678,"passed_time":1.492050471,"remaining_time":0.04614589087},
{"learn":[0.5958095628],"iteration":679,"passed_time":1.494253687,"remaining_time":0.04394863784},
{"learn":[0.5956384393],"iteration":680,"passed_time":1.496396376,"remaining_time":0.04174967862},
{"learn":[0.595326004],"iteration":681,"passed_time":1.498567794,"remaining_time":0.03955164265},
{"learn":[0.5950212634],"iteration":682,"passed_time":1.500775106,"remaining_time":0.03735457803},
{"learn":[0.5945605893],"iteration":683,"passed_time":1.502974358,"remaining_time":0.03515729492},
{"learn":[0.5942520904],"iteration":684,"passed_time":1.505213417,"remaining_time":0.03296087775},
{"learn":[0.594065016],"iteration":685,"passed_time":1.507379548,"remaining_time":0.03076284791},
{"learn":[0.5936723548],"iteration":686,"passed_time":1.509621411,"remaining_time":0.02856634402},
{"learn":[0.5934109562],"iteration":687,"passed_time":1.511878638,"remaining_time":0.02636997624},
{"learn":[0.5928897338],"iteration":688,"passed_time":1.514089887,"remaining_time":0.02417269777},
{"learn":[0.5922039252],"iteration":689,"passed_time":1.516312745,"remaining_time":0.02197554703},
{"learn":[0.5918610626],"iteration":690,"passed_time":1.518487531,"remaining_time":0.01977769577},
{"learn":[0.5915433877],"iteration":691,"passed_time":1.520729112,"remaining_time":0.01758068337},
{"learn":[0.5912332128],"iteration":692,"passed_time":1.522904306,"remaining_time":0.01538287178},
{"learn":[0.5908405359],"iteration":693,"passed_time":1.525095594,"remaining_time":0.0131852645},
{"learn":[0.5904734735],"iteration":694,"passed_time":1.527286837,"remaining_time":0.01098767509},
{"learn":[0.5902716152],"iteration":695,"passed_time":1.529477836,"remaining_time":0.008790102506},
{"learn":[0.5899836323],"iteration":696,"passed_time":1.531634875,"remaining_time":0.00659240262},
{"learn":[0.589692847],"iteration":697,"passed_time":1.5338169,"remaining_time":0.004394890832},
{"learn":[0.5893183739],"iteration":698,"passed_time":1.536013902,"remaining_time":0.002197444782},
{"learn":[0.589057774],"iteration":699,"passed_time":1.538206872,"remaining_time":0}
]}